{"name": "montreal-indicators", "resources": [{"path": "data/indicateurs.csv", "name": "indicateurs", "encoding": "utf-8", "profile": "tabular-data-resource", "schema": {"missingValues": [""], "fields": [{"name": "KPIID", "format": "default", "type": "integer"}, {"name": "NomIndicateur", "format": "default", "type": "string"}, {"name": "UniteMesure", "format": "default", "type": "string"}, {"name": "noIndicateur", "format": "default", "type": "string"}, {"name": "TypeIndicateur", "format": "default", "type": "string"}, {"name": "ville", "format": "default", "type": "string"}, {"name": "DateDonnee", "format": "default", "type": "integer"}, {"name": "Valeur", "format": "default", "type": "number"}, {"name": "Calcul", "format": "default", "type": "string"}]}, "format": "csv", "mediatype": "text/csv"}], "license": "https://creativecommons.org/publicdomain/zero/1.0/", "profile": "tabular-data-package"}